Nombre,Apellido,Email,Telefono,Pais,Empresa,Puesto,Fuente
Gabriela,Ramos,gabriela.ramos440@services.com,+37-419-4752-1408,Ecuador,"Consulting Group",Administrator,Evento
Antonio,Muñoz,antonio.muñoz788@hotmail.com,+71-562-6799-3793,Ecuador,"Mobile Development",Coordinator,Facebook
Diego,Hernández,diego.hernández819@corporation.com,+7-565-1263-9229,Ecuador,"Digital Services",Officer,"Google Ads"
Raúl,Blanco,raúl.blanco670@yahoo.com,+90-725-9491-5670,Argentina,"Product Development",CTO,"Google Ads"
Óscar,Suárez,Óscar.suárez500@group.com,+52-877-8145-8418,Ecuador,"Business Intelligence",Director,Facebook
Lucía,Rubio,lucía.rubio18@digital.com,+8-892-9109-9341,Argentina,"Operations Team",CTO,Facebook
Valentina,Domínguez,valentina.domínguez906@business.net,+19-571-9163-8475,México,"Digital Services",Planner,Referido
Gabriela,Ramos,gabriela.ramos378@tech.com,+33-259-1947-6356,España,"International Trade","Partnership Manager","Google Ads"
Miguel,González,miguel.gonzález571@outlook.com,+66-884-310-8336,Argentina,"Human Resources","Quality Assurance Manager",Referido
David,Peña,david.peña960@group.com,+2-155-2380-4967,España,"Cloud Systems",Consultant,Referido
Eduardo,Navarro,eduardo.navarro970@group.com,+98-852-7823-7874,Chile,"Software House","Legal Counsel",Webinar
Paula,Sánchez,paula.sánchez252@gmail.com,+75-803-8943-4187,Chile,"Logistics Hub",Representative,Referido
Fernando,Ramírez,fernando.ramírez247@tech.com,+15-394-3316-1744,Colombia,"Sales Force","Team Lead",Referido
Florencia,Herrera,florencia.herrera781@gmail.com,+11-984-4360-9622,Chile,"Marketing Team","Product Manager",Facebook
David,Gutiérrez,david.gutiérrez745@gmail.com,+24-213-766-5784,Chile,"E-commerce Solutions","Sales Executive",SEO
Martina,Navarro,martina.navarro256@consulting.com,+37-194-2096-7943,Venezuela,"Retail Solutions","Sales Executive","Email Marketing"
Mariana,González,mariana.gonzález227@outlook.com,+6-920-8472-4741,España,"Shareholder Services",Representative,"Google Ads"
Natalia,Cruz,natalia.cruz758@outlook.com,+38-588-6111-4275,España,"IT Consulting",CEO,Evento
Antonio,Vega,antonio.vega855@business.net,+21-873-7817-3807,Cuba,"Manufacturing Co","Marketing Manager",Evento
Bianca,Suárez,bianca.suárez711@gmail.com,+43-430-3096-9470,Venezuela,"Operations Team",CFO,Facebook
Valeria,Serrano,valeria.serrano521@solutions.com,+33-993-5465-3149,Venezuela,"Consulting Group","Vendor Manager","Email Marketing"
Ricardo,Ramírez,ricardo.ramírez831@tech.com,+59-610-8788-2140,Cuba,"Operations Team",Manager,Referido
Martina,Molina,martina.molina314@digital.com,+95-228-7469-7746,Venezuela,"Shareholder Services",Planner,SEO
Lucía,Méndez,lucía.méndez185@empresa.com,+10-887-4293-4478,Ecuador,"Data Analytics",Representative,LinkedIn
Alejandra,Moreno,alejandra.moreno7@services.com,+54-328-7016-5711,Colombia,"Mobile Development",Designer,Evento
Fernando,Delgado,fernando.delgado358@business.net,+2-955-3020-6080,España,"Research & Development",Supervisor,"Email Marketing"
Francisco,Vega,francisco.vega367@tech.com,+30-696-7818-7987,Cuba,"Marketing Agency",Specialist,SEO
Florencia,López,florencia.lópez344@solutions.com,+99-790-9166-6502,Colombia,"Research & Development",Officer,Webinar
Raúl,Castro,raúl.castro44@solutions.com,+56-505-9804-9530,Venezuela,"Management Office","Business Development","Email Marketing"
David,Serrano,david.serrano694@business.net,+93-131-4401-8831,Guatemala,"Marketing Team",Administrator,SEO
Clara,Rojas,clara.rojas353@hotmail.com,+15-886-932-2727,España,"Business Intelligence","Account Manager",Evento
Emma,Vega,emma.vega218@corporation.com,+31-295-9595-5849,Colombia,"Legal Services","Support Specialist",Referido
Laura,Morales,laura.morales816@inc.com,+28-123-7807-5320,México,"Software House","Finance Manager",Facebook
Isabella,León,isabella.león692@yahoo.com,+49-613-8012-2010,México,"IT Consulting",Designer,Facebook
Florencia,Vázquez,florencia.vázquez696@services.com,+31-499-4991-4079,Perú,"Retail Solutions",Designer,LinkedIn
Pilar,Peña,pilar.peña580@hotmail.com,+20-946-5694-2372,Guatemala,"Logistics Hub",Researcher,Referido
David,Álvarez,david.Álvarez428@yahoo.com,+58-294-3065-1307,Cuba,"Legal Services","Account Manager",Referido
Andrea,Jiménez,andrea.jiménez28@business.net,+85-399-3320-9687,Chile,"Consulting Group","Operations Manager",Webinar
Carlos,Vázquez,carlos.vázquez184@corporation.com,+74-801-313-5051,España,"Cloud Systems",Engineer,SEO
Sergio,Delgado,sergio.delgado483@outlook.com,+80-430-4431-4928,Chile,"Customer Success","Customer Success Manager",Facebook
Mariana,Fernández,mariana.fernández69@inc.com,+47-659-3021-9913,Colombia,"Web Services",Officer,Webinar
Óscar,Ramos,Óscar.ramos302@empresa.com,+46-203-6597-4102,Perú,"Supply Chain","Legal Counsel","Email Marketing"
Camila,Castro,camila.castro249@consulting.com,+95-220-344-5459,Ecuador,"IT Consulting",CEO,Referido
Ernesto,Peña,ernesto.peña979@solutions.com,+26-523-759-5630,España,"Innovation Inc",Architect,Webinar
Laura,Navarro,laura.navarro680@outlook.com,+20-458-9281-9968,Cuba,"Project Management","Product Manager",Evento
Sergio,Herrera,sergio.herrera402@consulting.com,+46-211-9675-6165,España,"Human Resources",Architect,Facebook
Julia,Iglesias,julia.iglesias90@outlook.com,+95-654-9432-9425,México,"Investment Firm","HR Manager",Referido
Clara,León,clara.león698@empresa.com,+86-246-4417-5429,Colombia,"Distribution Network",Architect,"Google Ads"
José,Torres,josé.torres327@yahoo.com,+79-976-5495-7733,Guatemala,"Trading Company",Planner,Webinar
Mariana,Martínez,mariana.martínez643@empresa.com,+37-247-9228-5969,España,"Distribution Network",Technician,"Google Ads"
Sofía,López,sofía.lópez544@corporation.com,+87-747-6225-8020,México,"Sales Force","Project Manager","Google Ads"
Mariana,Gil,mariana.gil373@services.com,+6-249-6183-6944,México,"Sales Force",Technician,Webinar
Sergio,García,sergio.garcía838@empresa.com,+80-246-5214-1927,Guatemala,"Supply Chain","Team Lead","Email Marketing"
Luis,Martín,luis.martín84@digital.com,+40-163-3216-2169,Argentina,"Software House",Researcher,Referido
Manuel,Núñez,manuel.núñez760@hotmail.com,+49-393-858-8616,México,"Management Office",CEO,"Email Marketing"
Ana,Gutiérrez,ana.gutiérrez68@corporation.com,+37-134-7446-4930,Argentina,"Investment Firm","Operations Manager",SEO
Antonio,Ortega,antonio.ortega772@consulting.com,+52-846-2574-6269,Venezuela,"Business Intelligence","Quality Assurance Manager",SEO
Alejandra,Rodríguez,alejandra.rodríguez284@solutions.com,+55-644-9349-5034,México,"Global Solutions",Designer,Webinar
Martina,Muñoz,martina.muñoz458@group.com,+86-610-135-2640,Guatemala,"Project Management",Engineer,Referido
Fernando,Serrano,fernando.serrano517@business.net,+4-774-5254-2328,Chile,"International Trade","Quality Assurance Manager",Referido
Hugo,Vega,hugo.vega381@inc.com,+5-217-4242-7419,Ecuador,"Business Intelligence",Planner,SEO
Renata,García,renata.garcía284@empresa.com,+75-960-2125-5249,Venezuela,"Quality Assurance","Quality Assurance Manager","Google Ads"
Laura,Serrano,laura.serrano585@group.com,+97-411-7360-1871,Ecuador,"Quality Assurance",Officer,"Email Marketing"
David,Peña,david.peña681@services.com,+33-229-8398-4867,Argentina,"Innovation Inc","Account Manager",Webinar
Francisco,Álvarez,francisco.Álvarez721@yahoo.com,+83-667-2818-4662,Guatemala,"Finance Department",Specialist,LinkedIn
Diego,Romero,diego.romero415@group.com,+14-627-3326-5975,Perú,"Consulting Group","Vendor Manager","Email Marketing"
Alejandra,Rodríguez,alejandra.rodríguez139@digital.com,+34-942-6428-8873,Argentina,"Project Management","Marketing Manager",Webinar
Luis,Romero,luis.romero347@yahoo.com,+38-983-4467-5586,Guatemala,"Business Intelligence","Project Manager",Webinar
Daniela,Molina,daniela.molina295@digital.com,+63-714-9227-3869,Perú,"International Trade","Vendor Manager",SEO
Sergio,Peña,sergio.peña940@digital.com,+41-579-3907-9308,Colombia,"Data Analytics",Assistant,Facebook
Bianca,Rubio,bianca.rubio218@solutions.com,+68-991-5776-6863,Perú,"Investment Firm",Specialist,LinkedIn
Óscar,Morales,Óscar.morales964@digital.com,+17-291-7850-9022,Argentina,"Shareholder Services",Consultant,Webinar
Pedro,Blanco,pedro.blanco460@digital.com,+55-759-8531-6140,Guatemala,"Board of Directors",Executive,SEO
Florencia,Moreno,florencia.moreno825@empresa.com,+86-528-9335-3183,México,"Customer Success","Senior Developer",LinkedIn
Clara,Alonso,clara.alonso654@corporation.com,+25-703-683-6843,Perú,"Mobile Development","Finance Manager","Google Ads"
César,Castro,césar.castro438@consulting.com,+90-827-964-2738,Ecuador,"Sales Force",Supervisor,Evento
Fernando,Muñoz,fernando.muñoz6@consulting.com,+75-470-8046-2376,Cuba,"Operations Center",Coordinator,Facebook
Ricardo,Gómez,ricardo.gómez178@yahoo.com,+86-133-4131-5345,España,"Software House","Client Relations","Email Marketing"
Miguel,Caballero,miguel.caballero727@corporation.com,+96-843-4902-6230,Perú,"Trading Company","Partnership Manager","Google Ads"
Isabella,Gil,isabella.gil648@inc.com,+4-800-3647-4027,Chile,"Customer Success","Team Lead",Facebook
Óscar,Hernández,Óscar.hernández31@tech.com,+15-380-3655-3986,Perú,"Global Solutions","Business Development","Google Ads"
Roberto,García,roberto.garcía409@corporation.com,+75-556-7582-8112,Chile,"Software House","Client Relations","Email Marketing"
Mariana,Alonso,mariana.alonso290@digital.com,+14-642-4082-3109,Perú,"Legal Services",COO,LinkedIn
Natalia,Ramírez,natalia.ramírez308@gmail.com,+80-133-4727-3319,Perú,"Supply Chain",Specialist,SEO
Luis,Suárez,luis.suárez154@empresa.com,+76-186-2691-1413,Venezuela,"Product Development",Designer,"Email Marketing"
Andrea,Martínez,andrea.martínez502@corporation.com,+48-377-983-5288,España,"Shareholder Services",CFO,"Google Ads"
Pablo,López,pablo.lópez460@business.net,+34-183-4607-4206,Perú,"Logistics Hub",Architect,Referido
Ricardo,Romero,ricardo.romero262@empresa.com,+72-990-6633-4795,México,"Global Solutions",Researcher,Evento
Hugo,Pérez,hugo.pérez214@gmail.com,+24-393-3141-6687,Cuba,"Operations Team",Director,Webinar
Camila,Ortega,camila.ortega922@inc.com,+69-224-7785-7792,Cuba,"Supply Chain","Client Relations",Facebook
Eduardo,Vega,eduardo.vega651@outlook.com,+62-769-8717-4688,Colombia,"Legal Services",CMO,Evento
Antonio,Vázquez,antonio.vázquez952@empresa.com,+51-725-3712-2386,Perú,"Manufacturing Co","Legal Counsel",Referido
Óscar,Ortiz,Óscar.ortiz109@solutions.com,+23-190-4762-5142,Chile,"Human Resources",Planner,Facebook
Clara,Vázquez,clara.vázquez873@hotmail.com,+91-488-4517-3879,Perú,"Web Services","Data Analyst",Evento
Óscar,Martínez,Óscar.martínez321@yahoo.com,+59-749-4117-9259,Argentina,"Cloud Systems","Business Analyst",SEO
Andrea,Álvarez,andrea.Álvarez892@solutions.com,+94-551-591-1231,Chile,"Cloud Systems",Executive,Webinar
Pilar,Suárez,pilar.suárez849@consulting.com,+51-366-7664-1288,Cuba,"Business Partners",Planner,Evento
Diego,Morales,diego.morales964@business.net,+60-378-4804-9971,Perú,"E-commerce Solutions",Architect,Evento
Valentina,Cruz,valentina.cruz235@tech.com,+40-757-9099-3428,Perú,"Logistics Hub","Legal Counsel","Google Ads"
Ernesto,Ortiz,ernesto.ortiz463@corporation.com,+41-941-4221-1196,Argentina,"Management Office",CMO,Webinar
David,Romero,david.romero541@tech.com,+41-569-1967-7368,Guatemala,"Business Intelligence",Assistant,"Google Ads"
Jaime,Martín,jaime.martín82@business.net,+2-923-5396-5519,Guatemala,"Sales Force","Partnership Manager",Referido
Lucía,Vega,lucía.vega317@gmail.com,+65-680-4438-9979,Cuba,"Management Office",Technician,SEO
Laura,Martín,laura.martín730@digital.com,+76-398-1762-5956,México,"Business Intelligence",CFO,SEO
Roberto,Ortiz,roberto.ortiz260@hotmail.com,+10-369-1757-2262,España,"Logistics Hub",Executive,Referido
Camila,Ruiz,camila.ruiz788@empresa.com,+94-897-257-7457,Venezuela,"Investment Firm",Director,"Google Ads"
Valentina,Marín,valentina.marín505@solutions.com,+57-659-1392-4622,Cuba,"Mobile Development","Junior Developer",Referido
Emma,Díaz,emma.díaz876@tech.com,+18-812-1170-3825,España,"Business Intelligence",Architect,Facebook
Fernando,Torres,fernando.torres112@gmail.com,+87-384-6207-8606,México,"Business Intelligence",Designer,Referido
Paula,Molina,paula.molina971@yahoo.com,+47-797-337-4290,Guatemala,"Supply Chain","Product Manager",SEO
Sergio,Gutiérrez,sergio.gutiérrez962@inc.com,+94-989-6833-1130,Ecuador,"Global Solutions","Data Analyst",LinkedIn
Pedro,Marín,pedro.marín540@services.com,+76-822-344-9758,Perú,"Retail Solutions",CFO,Webinar
Sofía,León,sofía.león986@solutions.com,+23-164-9404-9175,Cuba,"Financial Services",Officer,"Google Ads"
Daniela,González,daniela.gonzález539@corporation.com,+25-514-9659-6445,Ecuador,"Distribution Network","HR Manager",Webinar
Gabriela,León,gabriela.león908@hotmail.com,+11-551-7926-6100,España,"Data Analytics","Quality Assurance Manager",Referido
Óscar,Martín,Óscar.martín37@hotmail.com,+40-926-5597-7919,Argentina,"Shareholder Services",COO,"Email Marketing"
Mariana,Romero,mariana.romero671@group.com,+75-163-8766-8237,Cuba,"Operations Center","Data Analyst","Google Ads"
Emma,Gómez,emma.gómez609@yahoo.com,+28-810-2801-3606,México,"Customer Success","Project Manager",Webinar
Bianca,Rubio,bianca.rubio321@digital.com,+37-404-6121-8341,Chile,"Finance Department",Manager,LinkedIn
Eduardo,Muñoz,eduardo.muñoz780@group.com,+14-132-4828-2300,Venezuela,"Sales Department","Project Manager",LinkedIn
María,Iglesias,maría.iglesias406@outlook.com,+24-978-9209-8205,España,"Manufacturing Co","Data Analyst",Webinar
Daniela,Morales,daniela.morales813@hotmail.com,+80-422-1765-7985,Ecuador,"Cloud Systems",CEO,Referido
Eduardo,Díaz,eduardo.díaz616@corporation.com,+90-167-8109-5788,Chile,"International Trade","Marketing Manager","Google Ads"
Jaime,Vega,jaime.vega231@group.com,+80-899-2608-8383,Colombia,"Operations Center","Product Manager",Referido
Daniela,Rojas,daniela.rojas101@group.com,+33-121-2489-6575,España,"Retail Solutions",Assistant,SEO
Roberto,Ruiz,roberto.ruiz560@corporation.com,+62-181-5147-2828,Cuba,"Operations Center","Finance Manager","Email Marketing"
Roberto,Fernández,roberto.fernández492@solutions.com,+66-545-2224-3071,México,"Sales Force",Specialist,Referido
Raúl,Vega,raúl.vega636@corporation.com,+38-786-4886-6567,Colombia,"IT Consulting","Junior Developer",Facebook
Emma,Romero,emma.romero919@corporation.com,+16-494-2241-6279,Venezuela,"Operations Team","Finance Manager","Google Ads"
Alejandra,Núñez,alejandra.núñez441@solutions.com,+34-566-4002-1569,Argentina,"Software House","Marketing Manager",LinkedIn
Natalia,Peña,natalia.peña793@digital.com,+16-972-1863-5040,Chile,"Customer Success","HR Manager",LinkedIn
Jorge,Santos,jorge.santos400@business.net,+46-427-4467-3274,México,"Product Development","Business Development",SEO
Raúl,Molina,raúl.molina78@gmail.com,+90-869-6320-2929,España,"Trading Company","Senior Developer",Webinar
Alejandra,Vázquez,alejandra.vázquez316@hotmail.com,+95-498-6167-5001,España,"E-commerce Solutions","Account Manager",Facebook
Paula,Ortega,paula.ortega138@corporation.com,+70-633-714-7653,Ecuador,"Customer Support","Team Lead",SEO
Daniela,Díaz,daniela.díaz489@business.net,+52-407-7998-3691,España,"Retail Solutions","Partnership Manager",Facebook
Renata,Pérez,renata.pérez100@group.com,+4-196-3416-5534,Guatemala,"Business Partners",Assistant,Webinar
Pedro,Gómez,pedro.gómez532@inc.com,+45-933-7574-1140,Cuba,"Shareholder Services",Analyst,"Email Marketing"
Daniela,Medina,daniela.medina221@outlook.com,+47-362-5968-7290,Perú,"Web Services","Partnership Manager",Webinar
Francisco,Muñoz,francisco.muñoz927@tech.com,+63-619-3285-7648,Cuba,"Cloud Systems",Designer,"Google Ads"
María,Martín,maría.martín891@tech.com,+29-491-7694-9017,Venezuela,"Software House","Product Manager",Evento
Pedro,Pérez,pedro.pérez582@corporation.com,+40-559-522-9615,Guatemala,"Product Development",COO,Facebook
Daniela,Sánchez,daniela.sánchez436@business.net,+4-905-6185-5682,España,"Digital Services",Specialist,SEO
José,García,josé.garcía21@outlook.com,+1-619-3896-8735,España,"Finance Department",Supervisor,Webinar
Laura,Ruiz,laura.ruiz850@gmail.com,+42-329-4757-9332,Colombia,"International Trade",Researcher,Referido
Juan,Torres,juan.torres656@outlook.com,+6-758-5402-3306,Chile,"Retail Solutions",Analyst,SEO
Ana,Ramírez,ana.ramírez230@outlook.com,+19-878-5516-5740,España,"Investment Firm",Researcher,SEO
María,Moreno,maría.moreno111@digital.com,+15-420-1888-8221,México,"Product Development","Project Manager","Email Marketing"
Luis,Castro,luis.castro871@services.com,+10-423-7209-6428,Perú,"Web Services",Researcher,Webinar
Jaime,Rubio,jaime.rubio295@tech.com,+4-876-1614-6294,México,"Business Partners","Client Relations",LinkedIn
Paula,Serrano,paula.serrano452@business.net,+77-351-3835-7815,México,"Financial Services",CTO,Evento
Sofía,Díaz,sofía.díaz701@gmail.com,+8-831-8766-9003,Argentina,"Trading Company",Director,Referido
Sofía,Pérez,sofía.pérez408@outlook.com,+82-898-708-5452,Guatemala,"Investment Firm",Officer,Facebook
Jorge,Domínguez,jorge.domínguez482@tech.com,+36-833-4032-8032,México,"Finance Department",CMO,"Google Ads"
Valeria,Martín,valeria.martín324@empresa.com,+32-854-4753-4589,México,"Board of Directors",Specialist,Referido
Renata,Ruiz,renata.ruiz941@corporation.com,+9-293-1078-7232,Ecuador,"Software House","Product Manager","Google Ads"
Valeria,Morales,valeria.morales152@hotmail.com,+93-906-9971-1498,Guatemala,"Investment Firm","Business Analyst",SEO
Camila,Gutiérrez,camila.gutiérrez311@digital.com,+76-500-8471-8860,Argentina,"Financial Services",Manager,"Google Ads"
Pilar,Torres,pilar.torres764@empresa.com,+48-703-1199-2559,Venezuela,"Marketing Agency","Legal Counsel",Facebook
Alejandra,Marín,alejandra.marín673@solutions.com,+11-913-1152-8486,España,"Marketing Team",Engineer,Referido
Carolina,Pérez,carolina.pérez326@inc.com,+8-787-9711-8261,España,"Human Resources","Senior Developer",SEO
Roberto,Suárez,roberto.suárez372@digital.com,+8-655-8492-8329,Guatemala,"Customer Success",Analyst,LinkedIn
Jaime,Vázquez,jaime.vázquez214@services.com,+86-614-8200-9415,Perú,"Legal Services",CFO,LinkedIn
Sofía,Martín,sofía.martín812@yahoo.com,+33-899-6992-8002,Argentina,"Operations Team",Representative,"Email Marketing"
Camila,Díaz,camila.díaz489@tech.com,+69-638-767-1689,Argentina,"Trading Company",Planner,SEO
Jaime,Pérez,jaime.pérez505@yahoo.com,+24-769-9288-7427,Cuba,"Digital Services",Officer,Webinar
Paula,Gil,paula.gil92@solutions.com,+36-225-5595-1185,México,"Tech Corp","Business Development",Facebook
Clara,Gil,clara.gil747@digital.com,+17-901-6621-9285,Chile,"Trading Company",Architect,"Email Marketing"
Francisco,Gutiérrez,francisco.gutiérrez40@corporation.com,+44-919-3556-5229,Perú,"Mobile Development","Support Specialist",Evento
Jaime,Moreno,jaime.moreno467@solutions.com,+37-753-9652-8106,Chile,"Shareholder Services",Manager,Facebook
Óscar,Ruiz,Óscar.ruiz455@digital.com,+70-435-2810-7646,Colombia,"Quality Assurance","Client Relations",Evento
Andrea,Ortega,andrea.ortega705@business.net,+89-387-7368-2707,Perú,"Quality Assurance","Customer Success Manager",Referido
Raúl,Jiménez,raúl.jiménez435@empresa.com,+14-844-3924-3563,Venezuela,"Human Resources","Client Relations",Evento
Pilar,Díaz,pilar.díaz640@inc.com,+15-735-8659-3643,España,"Manufacturing Co","Marketing Manager",Referido
Raúl,Moreno,raúl.moreno343@solutions.com,+60-387-9622-9873,Cuba,"Business Partners","Support Specialist",SEO
Hugo,Morales,hugo.morales588@group.com,+40-890-2701-9804,Chile,"Customer Success",Director,"Google Ads"
Carolina,Rubio,carolina.rubio439@business.net,+21-536-6262-2648,Chile,"Customer Success",Technician,Evento
Alberto,Domínguez,alberto.domínguez67@empresa.com,+48-139-7449-5760,España,"Operations Team","Customer Success Manager",Referido
Juan,Martín,juan.martín216@solutions.com,+76-907-6630-6097,Venezuela,"Tech Corp",Consultant,Evento
Martina,Santos,martina.santos440@empresa.com,+30-165-7940-8658,Venezuela,"Data Analytics","Product Manager",Evento
María,Cruz,maría.cruz884@empresa.com,+26-475-1425-5594,Guatemala,"International Trade",Officer,LinkedIn
Carlos,Navarro,carlos.navarro267@business.net,+27-843-9036-5829,Ecuador,"Financial Services",Officer,"Google Ads"
Sergio,Martínez,sergio.martínez284@solutions.com,+54-728-2368-1303,Ecuador,"Trading Company","Finance Manager",Referido
Eduardo,Medina,eduardo.medina339@empresa.com,+90-296-7565-6952,España,"Marketing Team",Scientist,Referido
Renata,Hernández,renata.hernández979@business.net,+78-764-3754-6350,Cuba,"Cloud Systems",Executive,LinkedIn
Raúl,Álvarez,raúl.Álvarez275@consulting.com,+81-391-8778-2725,Venezuela,"Data Analytics",Director,Evento
Diego,Herrera,diego.herrera183@yahoo.com,+91-885-4547-1807,Colombia,"Software House","Senior Developer",Facebook
Florencia,Ramírez,florencia.ramírez676@digital.com,+77-648-5372-3701,Guatemala,"Finance Department",Coordinator,"Google Ads"
Manuel,Marín,manuel.marín957@tech.com,+1-837-2485-5124,España,"Operations Team",CMO,LinkedIn
Pablo,Núñez,pablo.núñez910@group.com,+40-470-8464-5040,Argentina,"Project Management",Director,Evento
Valeria,Santos,valeria.santos395@hotmail.com,+6-964-9453-7552,Chile,"Operations Team",Researcher,"Google Ads"
Florencia,Ortiz,florencia.ortiz264@solutions.com,+39-469-7389-7524,Perú,"Sales Force","Finance Manager",LinkedIn
Francisco,Martín,francisco.martín272@hotmail.com,+93-158-1778-5016,Cuba,"Retail Solutions",Coordinator,Evento
Valentina,Vega,valentina.vega125@tech.com,+45-924-9426-2864,Argentina,"Product Development",CEO,"Google Ads"
Francisco,Martínez,francisco.martínez878@inc.com,+15-986-4748-5819,España,"Financial Services",Researcher,Referido
Valentina,Castro,valentina.castro223@business.net,+83-944-4752-4868,Ecuador,"Global Solutions","Junior Developer","Google Ads"
Renata,Núñez,renata.núñez121@hotmail.com,+82-785-4424-8036,Argentina,"Data Analytics",CMO,Referido
María,López,maría.lópez976@business.net,+98-496-6937-2779,España,"Data Analytics",Strategist,Referido
José,Martín,josé.martín819@hotmail.com,+64-189-727-2468,México,"Manufacturing Co","Partnership Manager","Email Marketing"
Florencia,Santos,florencia.santos780@empresa.com,+78-193-9076-8486,Perú,"Global Solutions","Quality Assurance Manager",Webinar
Juan,Santos,juan.santos319@tech.com,+37-955-8106-9142,España,"Distribution Network",Specialist,SEO
Miguel,Rodríguez,miguel.rodríguez179@digital.com,+86-934-6006-4494,Cuba,"Product Development",Officer,Facebook
Mariana,Rodríguez,mariana.rodríguez65@solutions.com,+86-121-8844-7062,Colombia,"Data Analytics",Coordinator,Evento
Roberto,Medina,roberto.medina765@consulting.com,+59-605-1884-5059,México,"Quality Assurance","Support Specialist",Evento
Carolina,López,carolina.lópez206@group.com,+96-108-8670-7715,Ecuador,"Operations Center",Representative,Referido
Martina,Gutiérrez,martina.gutiérrez718@inc.com,+9-694-7676-9901,Colombia,"Project Management",Representative,Evento
Alejandra,Martínez,alejandra.martínez294@digital.com,+1-971-6358-2779,Colombia,"Management Office","Legal Counsel",Evento
Jaime,Moreno,jaime.moreno908@yahoo.com,+98-831-9890-2167,Argentina,"Legal Services",Director,SEO
Roberto,Hernández,roberto.hernández843@corporation.com,+3-603-675-6935,Chile,"Trading Company","Project Manager",Facebook
Paula,Torres,paula.torres711@tech.com,+15-315-5611-1258,Venezuela,"Product Development","Customer Success Manager",Referido
Jaime,Delgado,jaime.delgado674@tech.com,+98-369-9075-6986,Chile,"Mobile Development",Researcher,"Google Ads"
Diego,Álvarez,diego.Álvarez36@corporation.com,+68-993-4304-8658,Guatemala,"Supply Chain",Architect,Facebook
Sergio,Castro,sergio.castro77@hotmail.com,+74-493-2597-2907,Ecuador,"Customer Success",CEO,SEO
Mariana,López,mariana.lópez339@business.net,+67-605-8350-2918,Argentina,"Mobile Development","Team Lead","Email Marketing"
Sofía,Vázquez,sofía.vázquez882@tech.com,+50-613-3980-9131,Guatemala,"Operations Team",Architect,Referido
Carolina,González,carolina.gonzález8@solutions.com,+21-187-9089-9992,España,"Consulting Group","Account Manager","Google Ads"
Laura,Ortiz,laura.ortiz508@tech.com,+89-923-9067-8387,España,"Innovation Inc",Executive,Referido
Bianca,Martín,bianca.martín764@yahoo.com,+33-430-7334-3481,Ecuador,"Web Services","Junior Developer","Google Ads"
Antonio,Peña,antonio.peña156@corporation.com,+46-195-3146-6601,Cuba,"Business Intelligence",Technician,Facebook
Pablo,Herrera,pablo.herrera889@business.net,+87-467-7623-1617,Guatemala,"Operations Team","Vendor Manager","Google Ads"
Valeria,Gutiérrez,valeria.gutiérrez876@yahoo.com,+56-342-3220-2768,Guatemala,"Trading Company",Designer,Evento
Pilar,Ruiz,pilar.ruiz753@business.net,+42-850-7422-1237,España,"Shareholder Services",Director,Facebook
Ana,Gil,ana.gil610@digital.com,+62-985-3674-6143,España,"Research & Development","HR Manager",Referido
Óscar,Caballero,Óscar.caballero685@gmail.com,+32-178-8097-3153,España,"Data Analytics","Data Analyst","Google Ads"
Alejandra,López,alejandra.lópez761@solutions.com,+79-629-4240-9601,Guatemala,"Trading Company",Architect,Evento
Eduardo,González,eduardo.gonzález747@yahoo.com,+68-929-4698-1082,Colombia,"Manufacturing Co",CMO,SEO
Jorge,Torres,jorge.torres163@solutions.com,+46-237-8080-1815,Perú,"Cloud Systems",Director,"Google Ads"
Manuel,Álvarez,manuel.Álvarez779@consulting.com,+45-622-6902-8179,Chile,"Sales Department","Client Relations","Google Ads"
Gabriela,Pérez,gabriela.pérez21@consulting.com,+77-300-2488-9357,Cuba,"Management Office",Director,"Email Marketing"
Laura,Pérez,laura.pérez444@hotmail.com,+37-899-8562-8679,Perú,"Project Management","Operations Manager","Google Ads"
Miguel,Vega,miguel.vega109@outlook.com,+36-599-5940-3373,Cuba,"International Trade",Executive,Referido
César,Medina,césar.medina267@group.com,+71-455-4366-2459,México,"Digital Services","Sales Executive",Facebook
Pedro,Hernández,pedro.hernández859@group.com,+83-777-5785-7739,Argentina,"Cloud Systems",Consultant,SEO
Clara,Méndez,clara.méndez196@outlook.com,+52-448-2013-3830,Venezuela,"Digital Services","Customer Success Manager","Google Ads"
Carlos,Caballero,carlos.caballero90@empresa.com,+36-134-4232-8454,Guatemala,"Consulting Group",Scientist,SEO
Carlos,Martínez,carlos.martínez370@hotmail.com,+81-369-483-1993,Argentina,"Digital Services","Project Manager",SEO
Luis,Santos,luis.santos577@consulting.com,+64-639-495-1440,Perú,"Data Analytics",CEO,Facebook
Carlos,González,carlos.gonzález226@hotmail.com,+11-300-6331-3633,Ecuador,"Marketing Team",CTO,Referido
Eduardo,Peña,eduardo.peña378@inc.com,+33-313-5993-3062,Cuba,"Consulting Group",CTO,Referido
Pablo,Suárez,pablo.suárez221@tech.com,+22-857-7692-2617,Colombia,"Consulting Group","Business Development",Evento
Laura,Muñoz,laura.muñoz710@tech.com,+84-775-7380-5073,Chile,"Software House",CFO,Referido
David,Jiménez,david.jiménez455@services.com,+2-373-6967-7108,Colombia,"Tech Corp",Officer,LinkedIn
Juan,Rubio,juan.rubio479@solutions.com,+16-911-9267-3639,Argentina,"Software House","Product Manager","Google Ads"
Miguel,León,miguel.león609@consulting.com,+26-166-9309-4369,Colombia,"Project Management",Supervisor,Webinar
Renata,Ramos,renata.ramos413@hotmail.com,+80-920-937-7308,Ecuador,"Customer Support","Client Relations",LinkedIn
Hugo,Domínguez,hugo.domínguez447@outlook.com,+79-375-8253-8044,Cuba,"Sales Force","Data Analyst",Facebook
Hugo,Fernández,hugo.fernández774@tech.com,+45-147-2842-1119,México,"Data Analytics",Strategist,SEO
Natalia,Peña,natalia.peña305@inc.com,+8-202-377-2333,Colombia,"Sales Department","Customer Success Manager",LinkedIn
Renata,Alonso,renata.alonso908@group.com,+64-628-8141-4376,Chile,"Retail Solutions",Officer,LinkedIn
Paula,Hernández,paula.hernández485@business.net,+83-724-4675-7170,Colombia,"Quality Assurance","Quality Assurance Manager",LinkedIn
Hugo,Rubio,hugo.rubio966@hotmail.com,+78-790-7849-3460,Perú,"Retail Solutions",Manager,SEO
Sofía,Suárez,sofía.suárez702@yahoo.com,+5-342-726-5209,Venezuela,"Sales Force",Architect,Referido
José,Iglesias,josé.iglesias256@solutions.com,+25-556-4855-1697,Venezuela,"Sales Department",Coordinator,SEO
Alberto,González,alberto.gonzález778@corporation.com,+95-770-5324-1817,España,"Data Analytics","Sales Executive",LinkedIn
Hugo,Medina,hugo.medina554@gmail.com,+82-292-5739-9198,Guatemala,"Consulting Group",Strategist,LinkedIn
Renata,Morales,renata.morales858@group.com,+73-774-6770-2220,Colombia,"Cloud Systems","Project Manager",Facebook
Valentina,Martín,valentina.martín593@services.com,+10-170-7939-3131,Cuba,"Supply Chain","Partnership Manager",SEO
Ana,Navarro,ana.navarro723@business.net,+58-296-468-7162,Perú,"Tech Corp",Consultant,"Google Ads"
César,Díaz,césar.díaz772@hotmail.com,+82-380-7368-7828,Argentina,"Product Development",Director,LinkedIn
Óscar,Gómez,Óscar.gómez222@hotmail.com,+59-126-5272-7373,España,"Global Solutions",Scientist,Webinar
Isabella,Morales,isabella.morales844@outlook.com,+92-650-7052-8451,Argentina,"Legal Services","Legal Counsel",SEO
Alberto,Jiménez,alberto.jiménez49@solutions.com,+88-844-4117-2570,Guatemala,"Marketing Team",Strategist,Facebook
Ricardo,Fernández,ricardo.fernández215@empresa.com,+82-959-9347-3895,Guatemala,"Web Services","Data Analyst",SEO
Francisco,Medina,francisco.medina420@hotmail.com,+11-531-9337-5761,Venezuela,"Shareholder Services","Junior Developer",LinkedIn
Manuel,Alonso,manuel.alonso419@group.com,+22-407-9250-2503,España,"Customer Support","Client Relations",Webinar
Renata,Álvarez,renata.Álvarez810@business.net,+95-135-6631-3946,Cuba,"Financial Services",Planner,SEO
José,Ramos,josé.ramos931@corporation.com,+66-119-3761-7630,Ecuador,"Sales Force",COO,Facebook
Alberto,Morales,alberto.morales334@digital.com,+90-179-6242-2252,Venezuela,"Business Intelligence",Designer,LinkedIn
María,Martínez,maría.martínez688@business.net,+39-119-621-4100,Argentina,"Operations Center",Specialist,Facebook
Paula,Morales,paula.morales959@empresa.com,+30-206-3758-1821,Venezuela,"Marketing Agency",Director,Evento
Ernesto,Moreno,ernesto.moreno75@gmail.com,+60-658-2634-3506,Argentina,"International Trade","Sales Executive","Google Ads"
Laura,Díaz,laura.díaz19@gmail.com,+21-122-8189-9361,Guatemala,"Supply Chain",Designer,"Google Ads"
Luis,Vázquez,luis.vázquez159@gmail.com,+22-575-8437-6726,Ecuador,"Operations Team","Finance Manager",Evento
Sofía,Blanco,sofía.blanco341@solutions.com,+12-721-4010-1113,Guatemala,"Logistics Hub","Support Specialist",LinkedIn
María,Caballero,maría.caballero383@gmail.com,+90-851-7860-7376,Argentina,"Manufacturing Co","Operations Manager",LinkedIn
Ernesto,Rojas,ernesto.rojas212@gmail.com,+51-913-4732-9576,Ecuador,"Retail Solutions","Vendor Manager",Evento
Mariana,Álvarez,mariana.Álvarez791@group.com,+62-647-2778-6105,México,"Mobile Development","Team Lead",LinkedIn
José,Martínez,josé.martínez466@group.com,+31-843-7702-5263,Cuba,"Business Intelligence","Business Development",Evento
Francisco,Medina,francisco.medina265@group.com,+83-708-5599-7625,Guatemala,"Supply Chain",Administrator,Webinar
Hugo,Fernández,hugo.fernández771@group.com,+95-602-6050-8528,Colombia,"Human Resources",Specialist,Evento
Emma,Molina,emma.molina128@empresa.com,+96-642-8030-4492,Venezuela,"Board of Directors","Sales Executive",SEO
Manuel,Castro,manuel.castro932@solutions.com,+97-651-6106-3880,Venezuela,"Sales Department","Legal Counsel",Facebook
Emma,Gómez,emma.gómez316@gmail.com,+24-763-5941-6745,Venezuela,"Innovation Inc",Technician,"Google Ads"
Carlos,Alonso,carlos.alonso719@inc.com,+58-314-7003-5506,Ecuador,"Marketing Agency",Designer,Evento
Natalia,Ruiz,natalia.ruiz149@group.com,+91-418-9699-3072,México,"Digital Services",Researcher,SEO
César,López,césar.lópez275@corporation.com,+48-340-9360-8146,Venezuela,"Consulting Group",Administrator,Webinar
María,Rojas,maría.rojas212@yahoo.com,+71-256-7017-9272,Colombia,"Business Intelligence",Strategist,LinkedIn
Manuel,Castro,manuel.castro964@digital.com,+33-661-4823-4037,Guatemala,"Investment Firm",Technician,Referido
Emma,Sánchez,emma.sánchez298@inc.com,+59-626-5311-2777,Colombia,"Customer Success","Product Manager",Facebook
Diego,Serrano,diego.serrano981@outlook.com,+48-748-7254-8120,Argentina,"Data Analytics",Designer,"Google Ads"
Julia,Rubio,julia.rubio428@yahoo.com,+9-676-2970-9698,Argentina,"Mobile Development","Marketing Manager",SEO
Ernesto,Ramírez,ernesto.ramírez620@outlook.com,+7-189-5090-3904,Guatemala,"Human Resources",Assistant,LinkedIn
Jorge,Torres,jorge.torres589@group.com,+64-984-7059-4568,España,"Customer Success",Architect,Webinar
Lucía,Delgado,lucía.delgado431@consulting.com,+82-389-6828-7844,España,"Global Solutions",CEO,"Google Ads"
Raúl,Ruiz,raúl.ruiz240@yahoo.com,+29-868-1190-9968,Ecuador,"Quality Assurance",Coordinator,Facebook
Lucía,Sánchez,lucía.sánchez743@group.com,+60-166-1168-9687,Argentina,"Product Development","Team Lead",Referido
Gabriela,Delgado,gabriela.delgado950@group.com,+33-486-7140-5276,Argentina,"Quality Assurance","Finance Manager",Referido
Clara,Castro,clara.castro992@solutions.com,+57-740-6108-7458,Ecuador,"Investment Firm",Planner,Facebook
David,Vázquez,david.vázquez399@outlook.com,+60-780-2840-7277,España,"Business Intelligence",Supervisor,Evento
Sergio,Delgado,sergio.delgado466@corporation.com,+88-577-5588-2454,Venezuela,"Customer Success",Researcher,"Email Marketing"
Carolina,Serrano,carolina.serrano958@consulting.com,+13-596-1973-2357,Chile,"Shareholder Services","Product Manager",Referido
José,Ortega,josé.ortega396@outlook.com,+82-352-8805-9180,Perú,"Financial Services","Sales Executive","Google Ads"
Carlos,Ortega,carlos.ortega292@empresa.com,+77-455-7218-8991,España,"Business Intelligence","Sales Executive",Facebook
Carlos,Ramos,carlos.ramos850@tech.com,+63-314-1262-5765,Perú,"Research & Development","Support Specialist","Email Marketing"
Gabriela,Moreno,gabriela.moreno240@group.com,+94-336-1759-9455,Colombia,"Customer Support",Planner,Webinar
David,Caballero,david.caballero621@consulting.com,+81-996-3602-9538,Argentina,"Finance Department",Planner,LinkedIn
Juan,Castro,juan.castro19@solutions.com,+65-691-6167-2397,Guatemala,"Business Partners",Strategist,Referido
Hugo,Moreno,hugo.moreno768@yahoo.com,+26-777-3083-2370,Ecuador,"Retail Solutions",COO,SEO
Daniela,Ortiz,daniela.ortiz781@yahoo.com,+72-280-6735-2879,México,"Trading Company",Researcher,SEO
Sofía,Suárez,sofía.suárez817@hotmail.com,+95-617-8149-8093,Guatemala,"Global Solutions","Support Specialist",Referido
Miguel,Suárez,miguel.suárez404@group.com,+56-335-7595-1176,México,"Consulting Group",Specialist,LinkedIn
Francisco,Ramírez,francisco.ramírez329@hotmail.com,+17-526-8123-1732,Guatemala,"Quality Assurance","Finance Manager",Facebook
David,Blanco,david.blanco482@tech.com,+66-471-8732-5118,Ecuador,"Operations Center","Support Specialist",Facebook
Pedro,Peña,pedro.peña44@hotmail.com,+68-986-6797-6448,España,"Quality Assurance",Director,Facebook
Roberto,Pérez,roberto.pérez611@outlook.com,+31-845-1860-3459,España,"Research & Development","Partnership Manager",Webinar
Julia,Peña,julia.peña960@services.com,+30-852-9616-4737,Guatemala,"Product Development",Researcher,"Email Marketing"
Natalia,Ortega,natalia.ortega976@tech.com,+33-267-7510-2331,México,"Shareholder Services",Administrator,Referido
Raúl,Morales,raúl.morales17@inc.com,+49-749-6353-8228,Ecuador,"Project Management","Business Development","Google Ads"
Renata,Marín,renata.marín124@empresa.com,+3-667-3607-3203,Perú,"Quality Assurance",Specialist,Facebook
Carlos,Rodríguez,carlos.rodríguez111@empresa.com,+73-896-3265-4326,Argentina,"Manufacturing Co",Executive,"Email Marketing"
Mariana,Ortiz,mariana.ortiz482@business.net,+67-477-624-3203,Guatemala,"Logistics Hub",CFO,"Google Ads"
Ana,Caballero,ana.caballero216@business.net,+70-167-686-9565,España,"Sales Force",Director,Evento
Gabriela,Navarro,gabriela.navarro9@empresa.com,+19-290-3425-1860,España,"Business Partners",Technician,Referido
Roberto,Gómez,roberto.gómez347@tech.com,+12-258-326-2474,Ecuador,"Customer Success","Senior Developer","Email Marketing"
Pablo,Martín,pablo.martín664@solutions.com,+28-417-3556-5604,España,"Data Analytics",CEO,"Google Ads"
Ana,Núñez,ana.núñez132@empresa.com,+1-663-3059-7132,Colombia,"Innovation Inc",CTO,LinkedIn
César,Cruz,césar.cruz597@group.com,+53-918-1491-1912,Colombia,"Business Partners",Strategist,LinkedIn
Ana,Vázquez,ana.vázquez58@group.com,+7-309-8774-1603,Cuba,"Board of Directors",Planner,Facebook
Valentina,Herrera,valentina.herrera811@inc.com,+29-283-2825-2392,Guatemala,"Sales Force","Sales Executive",SEO
Paula,Ortega,paula.ortega633@tech.com,+42-212-7846-8531,Perú,"Global Solutions","Senior Developer","Email Marketing"
Laura,Suárez,laura.suárez647@services.com,+2-302-477-1392,Argentina,"Project Management",Representative,Webinar
Alejandra,Suárez,alejandra.suárez320@tech.com,+44-717-3862-3776,Guatemala,"Business Partners","Team Lead",Evento
Bianca,Iglesias,bianca.iglesias992@services.com,+69-788-5271-9888,México,"Marketing Agency",Designer,Webinar
César,Sánchez,césar.sánchez327@corporation.com,+62-248-2929-9252,Cuba,"Human Resources",COO,"Email Marketing"
Sofía,Núñez,sofía.núñez350@corporation.com,+1-933-7643-3965,Perú,"Legal Services",Planner,Referido
Lucía,González,lucía.gonzález968@digital.com,+8-290-8933-3061,España,"Sales Force","Marketing Manager",Referido
Francisco,López,francisco.lópez869@hotmail.com,+67-823-8149-3134,Guatemala,"Marketing Agency","Project Manager",LinkedIn
Ernesto,Ortiz,ernesto.ortiz539@inc.com,+72-715-5461-8243,España,"Business Intelligence",Specialist,Evento
Camila,Suárez,camila.suárez265@hotmail.com,+86-784-2663-6253,México,"Retail Solutions",Executive,Facebook
Ricardo,Rubio,ricardo.rubio454@solutions.com,+82-178-553-2096,Venezuela,"Operations Center",Supervisor,Webinar
Ernesto,Pérez,ernesto.pérez707@business.net,+24-445-9381-9783,Cuba,"Software House",CFO,Referido
David,Blanco,david.blanco966@hotmail.com,+65-130-3108-1572,España,"Tech Corp","Operations Manager",SEO
Jorge,Medina,jorge.medina651@hotmail.com,+18-607-4680-6908,México,"Mobile Development","Legal Counsel","Email Marketing"
Gabriela,Hernández,gabriela.hernández93@corporation.com,+71-653-1278-7548,Guatemala,"Tech Corp",Executive,Webinar
Ricardo,Cruz,ricardo.cruz56@tech.com,+43-214-5755-8723,España,"Research & Development","Team Lead",LinkedIn
Alberto,Moreno,alberto.moreno678@empresa.com,+49-629-5497-8923,Cuba,"Marketing Team","Sales Executive",SEO
Pilar,Santos,pilar.santos284@corporation.com,+92-841-1200-2991,México,"Distribution Network","Senior Developer","Google Ads"
Ana,Gutiérrez,ana.gutiérrez618@inc.com,+64-883-1439-5742,Chile,"Supply Chain",Administrator,Facebook
Jaime,Ruiz,jaime.ruiz823@business.net,+71-800-6562-4761,Cuba,"Business Partners",Supervisor,SEO
Juan,Gómez,juan.gómez725@solutions.com,+54-371-7137-8018,Cuba,"Executive Suite",Administrator,Webinar
Diego,Sánchez,diego.sánchez967@tech.com,+98-593-691-7510,Cuba,"Retail Solutions","Team Lead","Email Marketing"
Miguel,Ruiz,miguel.ruiz543@consulting.com,+70-796-234-2078,Argentina,"Sales Department",COO,Evento
Jorge,Serrano,jorge.serrano995@group.com,+64-621-4046-5843,Perú,"Operations Team","Operations Manager",LinkedIn
Valentina,Castro,valentina.castro323@hotmail.com,+63-211-5037-1686,Perú,"Customer Support",COO,Facebook
Ana,Castro,ana.castro212@inc.com,+91-921-4156-9834,Guatemala,"Product Development",Architect,Facebook
Sergio,Ramos,sergio.ramos440@services.com,+48-638-793-5321,Venezuela,"Sales Department",Analyst,"Google Ads"
Isabella,Torres,isabella.torres677@corporation.com,+5-494-4338-4960,Venezuela,"Trading Company","Client Relations",Facebook
María,Martín,maría.martín425@corporation.com,+95-728-4020-5430,Chile,"Business Partners","Product Manager",Evento
Miguel,Fernández,miguel.fernández472@solutions.com,+43-994-5189-2509,Chile,"Trading Company",Architect,Webinar
Paula,González,paula.gonzález835@empresa.com,+47-233-2069-7650,Colombia,"Management Office","Junior Developer","Google Ads"
Julia,López,julia.lópez922@outlook.com,+53-638-373-4687,Argentina,"Investment Firm","Finance Manager","Email Marketing"
Luis,Gómez,luis.gómez409@gmail.com,+97-338-8837-3849,Ecuador,"Tech Corp","Team Lead",Facebook
Roberto,Vega,roberto.vega369@solutions.com,+87-530-4164-5860,España,"Logistics Hub","Team Lead",Referido
Raúl,Pérez,raúl.pérez487@consulting.com,+19-318-1435-4846,Chile,"Global Solutions",Assistant,LinkedIn
Ana,Blanco,ana.blanco426@tech.com,+53-831-9892-2039,Guatemala,"Business Intelligence","Business Analyst",Facebook
José,Gutiérrez,josé.gutiérrez568@business.net,+25-267-1165-3532,Venezuela,"Project Management",Engineer,Webinar
Lucía,Vázquez,lucía.vázquez437@yahoo.com,+21-330-179-3351,México,"Supply Chain",Engineer,Referido
Luis,Rubio,luis.rubio912@corporation.com,+75-119-7349-6349,Perú,"Business Partners",Coordinator,Evento
Florencia,Martín,florencia.martín916@business.net,+93-108-5401-8192,Cuba,"Marketing Agency",Assistant,Facebook
Manuel,Romero,manuel.romero240@hotmail.com,+35-454-7819-3003,Guatemala,"IT Consulting",Executive,Referido
Alejandra,Sánchez,alejandra.sánchez665@solutions.com,+9-235-1904-1743,Argentina,"Product Development",CEO,"Google Ads"
Valeria,Delgado,valeria.delgado412@solutions.com,+24-661-1302-6027,Ecuador,"Manufacturing Co",CFO,Referido
David,Pérez,david.pérez764@hotmail.com,+73-901-9327-4257,Perú,"Sales Department","Partnership Manager","Google Ads"
Clara,Vega,clara.vega36@services.com,+34-732-2832-5084,España,"Board of Directors",Analyst,"Google Ads"
Isabella,Serrano,isabella.serrano270@corporation.com,+6-452-5708-8147,Perú,"Sales Force","Vendor Manager",Referido
Andrea,Castro,andrea.castro828@empresa.com,+84-524-7989-1260,España,"Tech Corp",Manager,Webinar
Valentina,Hernández,valentina.hernández668@consulting.com,+98-619-4942-9020,Chile,"Project Management",Researcher,Webinar
Hugo,Romero,hugo.romero79@inc.com,+93-840-5950-5094,Venezuela,"Executive Suite","Vendor Manager","Google Ads"
Diego,Blanco,diego.blanco194@corporation.com,+39-231-7350-4362,Chile,"Distribution Network","Operations Manager","Email Marketing"
Jorge,Vázquez,jorge.vázquez83@consulting.com,+58-868-5403-7230,México,"Human Resources",Director,SEO
Mariana,Santos,mariana.santos454@hotmail.com,+39-708-5061-7205,Venezuela,"Consulting Group","Junior Developer","Google Ads"
Ana,Álvarez,ana.Álvarez138@consulting.com,+99-536-2151-7344,Cuba,"Distribution Network",Architect,Facebook
Bianca,Cruz,bianca.cruz819@corporation.com,+38-861-3714-5189,Colombia,"Business Intelligence",Engineer,"Google Ads"
Jorge,Serrano,jorge.serrano791@tech.com,+87-268-3338-7613,Chile,"Operations Team","Senior Developer",LinkedIn
Luis,Gutiérrez,luis.gutiérrez867@solutions.com,+34-918-3592-2223,México,"Customer Success","Customer Success Manager",Referido
Andrea,Romero,andrea.romero820@corporation.com,+11-707-8069-4153,Colombia,"Customer Support","Partnership Manager",LinkedIn
Mariana,Morales,mariana.morales11@group.com,+98-503-7042-6628,España,"Executive Suite","Legal Counsel",Webinar
Pilar,Vázquez,pilar.vázquez724@hotmail.com,+44-341-6049-6959,Cuba,"Sales Department","Marketing Manager",Webinar
Paula,Medina,paula.medina580@consulting.com,+57-944-6596-1630,Venezuela,"Board of Directors",Administrator,Referido
Laura,Blanco,laura.blanco15@gmail.com,+4-668-9486-3191,Chile,"Marketing Agency",Analyst,Webinar
David,Molina,david.molina161@solutions.com,+94-101-5158-3619,Ecuador,"Business Partners",Engineer,Facebook
Manuel,Gómez,manuel.gómez32@group.com,+59-992-7676-3087,Argentina,"Trading Company","Junior Developer",SEO
Natalia,Peña,natalia.peña885@gmail.com,+84-961-9296-3078,Perú,"Business Partners","Legal Counsel","Google Ads"
Paula,Vázquez,paula.vázquez643@empresa.com,+71-411-3536-1509,Perú,"Digital Services",Officer,Referido
Bianca,Medina,bianca.medina891@solutions.com,+46-816-546-8006,Venezuela,"Global Solutions",Administrator,"Google Ads"
Julia,Fernández,julia.fernández638@hotmail.com,+6-842-534-6029,Chile,"Marketing Agency",Assistant,"Email Marketing"
Pedro,Ortega,pedro.ortega451@outlook.com,+91-607-7771-1400,Ecuador,"Shareholder Services",Officer,"Google Ads"
Isabella,Ortiz,isabella.ortiz782@tech.com,+70-659-1593-4213,México,"Marketing Agency","Junior Developer",Webinar
María,Rubio,maría.rubio637@services.com,+30-527-5354-9407,Chile,"Sales Department","Vendor Manager",Webinar
Mariana,Domínguez,mariana.domínguez183@gmail.com,+1-506-7248-5015,Venezuela,"Mobile Development",Analyst,Referido
Luis,Blanco,luis.blanco60@outlook.com,+52-466-6783-9901,Argentina,"Customer Support",Representative,"Google Ads"
Sofía,Vega,sofía.vega563@solutions.com,+72-308-7270-7635,Argentina,"Digital Services","Marketing Manager",Evento
Pedro,Hernández,pedro.hernández860@group.com,+88-385-1998-2017,Chile,"Innovation Inc","Finance Manager",Webinar
César,Castro,césar.castro305@solutions.com,+81-642-9094-9739,Argentina,"Data Analytics",CFO,Webinar
Francisco,Martín,francisco.martín141@inc.com,+70-924-7764-5833,Argentina,"Finance Department","Team Lead",SEO
Miguel,Alonso,miguel.alonso270@outlook.com,+70-324-7942-4240,Venezuela,"Consulting Group",Analyst,Webinar
Alejandra,Fernández,alejandra.fernández368@group.com,+4-437-5837-4396,Venezuela,"Customer Support",Researcher,SEO
Diego,Ruiz,diego.ruiz670@inc.com,+52-667-2847-9615,México,"Product Development",COO,Referido
Alberto,León,alberto.león546@consulting.com,+37-627-6773-7198,Colombia,"Investment Firm",CFO,Webinar
Jaime,Castro,jaime.castro273@empresa.com,+39-430-2556-5650,México,"Legal Services","Customer Success Manager","Email Marketing"
Ana,Rodríguez,ana.rodríguez106@yahoo.com,+23-222-2505-8002,Venezuela,"Shareholder Services","Data Analyst",Referido
Paula,Gutiérrez,paula.gutiérrez42@solutions.com,+28-186-5960-2989,Ecuador,"Business Intelligence",Planner,"Google Ads"
Alberto,Ramírez,alberto.ramírez869@digital.com,+47-365-740-3242,Cuba,"Product Development","Client Relations",Referido
Sergio,Medina,sergio.medina888@gmail.com,+44-840-1139-8645,Perú,"Software House","Quality Assurance Manager",SEO
Valentina,Medina,valentina.medina278@empresa.com,+88-852-9507-3537,Argentina,"Executive Suite",Representative,SEO
Pedro,Santos,pedro.santos157@group.com,+5-297-9027-5365,Perú,"Distribution Network",Consultant,SEO
Lucía,Morales,lucía.morales446@yahoo.com,+98-135-6880-9494,Chile,"Retail Solutions",CEO,Evento
Valentina,Domínguez,valentina.domínguez800@consulting.com,+86-504-6756-3297,Venezuela,"Tech Corp","Business Development",Evento
Isabella,Ortiz,isabella.ortiz878@solutions.com,+92-295-2892-1425,España,"Board of Directors",CFO,Evento
Miguel,Álvarez,miguel.Álvarez885@corporation.com,+63-939-2256-3645,Guatemala,"Tech Corp","Product Manager",SEO
Juan,Torres,juan.torres697@tech.com,+20-346-4974-3035,Perú,"Business Intelligence","Marketing Manager","Email Marketing"
María,Jiménez,maría.jiménez307@digital.com,+53-967-6371-6034,México,"Board of Directors",Representative,SEO
Ricardo,Blanco,ricardo.blanco916@hotmail.com,+38-666-1066-4778,México,"Data Analytics",Analyst,Facebook
Juan,González,juan.gonzález900@gmail.com,+89-769-8901-3118,Chile,"Manufacturing Co","Marketing Manager",Evento
Valeria,Ramírez,valeria.ramírez765@tech.com,+98-787-7708-9679,Argentina,"Logistics Hub",Technician,Webinar
Florencia,Castro,florencia.castro517@tech.com,+25-571-2567-6779,Ecuador,"Shareholder Services",Executive,Referido
Roberto,Ortega,roberto.ortega586@corporation.com,+38-126-814-8700,Chile,"Management Office",Specialist,Facebook
Isabella,Muñoz,isabella.muñoz940@group.com,+17-514-4025-5324,Guatemala,"Tech Corp","HR Manager","Google Ads"
Ernesto,Gómez,ernesto.gómez781@services.com,+75-559-5112-1916,Cuba,"Trading Company",CTO,Facebook
Sofía,Rojas,sofía.rojas474@solutions.com,+68-534-7761-5658,Guatemala,"Product Development",Consultant,Referido
Miguel,García,miguel.garcía177@gmail.com,+9-797-3243-2756,Ecuador,"Retail Solutions",Analyst,Webinar
Mariana,Morales,mariana.morales738@empresa.com,+90-343-5603-5404,Guatemala,"Data Analytics","HR Manager",LinkedIn
Raúl,Serrano,raúl.serrano882@corporation.com,+15-348-4013-3735,México,"Software House",Manager,Evento
César,Cruz,césar.cruz72@corporation.com,+11-612-2267-6567,México,"Retail Solutions",CTO,SEO
Manuel,Rubio,manuel.rubio35@outlook.com,+5-576-2733-5540,Guatemala,"Mobile Development","Team Lead",Referido
Bianca,Alonso,bianca.alonso182@tech.com,+22-290-7492-4584,España,"Customer Success","Customer Success Manager",SEO
Sergio,Sánchez,sergio.sánchez196@digital.com,+78-192-8118-8390,Guatemala,"International Trade","Team Lead","Google Ads"
José,Delgado,josé.delgado2@gmail.com,+18-965-2184-5299,Argentina,"Mobile Development","Support Specialist",Referido
Renata,Serrano,renata.serrano792@hotmail.com,+36-667-5782-9925,Colombia,"IT Consulting","Team Lead",Facebook
Pilar,Méndez,pilar.méndez526@corporation.com,+28-423-2800-9581,Cuba,"Customer Success","Business Analyst","Email Marketing"
Paula,León,paula.león312@hotmail.com,+30-167-9252-5885,Cuba,"Innovation Inc",Coordinator,Facebook
Antonio,Serrano,antonio.serrano979@outlook.com,+54-329-1929-6464,Colombia,"Sales Department","Account Manager","Google Ads"
María,Fernández,maría.fernández606@solutions.com,+82-353-3487-2491,Guatemala,"Distribution Network",Researcher,SEO
Alejandra,Cruz,alejandra.cruz805@group.com,+48-103-7978-5155,Ecuador,"Consulting Group","Operations Manager",Evento
Isabella,Caballero,isabella.caballero577@outlook.com,+52-286-9940-1925,Guatemala,"Supply Chain",Administrator,Evento
Ricardo,Moreno,ricardo.moreno484@gmail.com,+88-485-8572-1535,Perú,"Distribution Network",Strategist,"Google Ads"
Emma,Jiménez,emma.jiménez580@gmail.com,+22-860-194-4373,Colombia,"Innovation Inc",CMO,Webinar
Hugo,Muñoz,hugo.muñoz848@yahoo.com,+68-384-3403-7851,Ecuador,"Board of Directors","Business Development","Email Marketing"
Ana,Muñoz,ana.muñoz2@hotmail.com,+3-544-8947-8230,Colombia,"International Trade","Data Analyst","Google Ads"
Carlos,Morales,carlos.morales414@services.com,+42-936-4395-7922,Cuba,"Software House","Project Manager","Google Ads"
Ricardo,Méndez,ricardo.méndez911@empresa.com,+99-269-7539-6592,Perú,"Product Development",Executive,SEO
Clara,Jiménez,clara.jiménez276@corporation.com,+52-982-342-2259,México,"Retail Solutions",Strategist,Facebook
Luis,Núñez,luis.núñez396@solutions.com,+17-318-1945-2168,Guatemala,"Research & Development","Quality Assurance Manager",Facebook
Francisco,Alonso,francisco.alonso146@gmail.com,+9-422-4671-7164,Perú,"Finance Department",COO,Referido
Ricardo,Gutiérrez,ricardo.gutiérrez883@gmail.com,+89-677-6184-8442,Guatemala,"Data Analytics",Analyst,SEO
Camila,García,camila.garcía330@tech.com,+45-306-3103-4955,Cuba,"Quality Assurance","Operations Manager",Evento
Lucía,Cruz,lucía.cruz690@digital.com,+34-909-8195-4780,España,"Distribution Network",Administrator,LinkedIn
Pilar,Molina,pilar.molina362@empresa.com,+84-629-2183-7934,Ecuador,"Board of Directors",Strategist,Facebook
Clara,Navarro,clara.navarro926@digital.com,+55-790-7687-7515,Guatemala,"Retail Solutions",Director,LinkedIn
Miguel,Rubio,miguel.rubio40@digital.com,+53-499-4051-7542,Perú,"Marketing Agency","HR Manager",Evento
Hugo,Sánchez,hugo.sánchez88@digital.com,+45-246-3050-3531,Argentina,"Software House",COO,Facebook
Ernesto,Gutiérrez,ernesto.gutiérrez947@hotmail.com,+29-673-6554-8849,México,"Project Management","Junior Developer",SEO
Daniela,Marín,daniela.marín586@inc.com,+35-610-3565-9448,Cuba,"Innovation Inc","Customer Success Manager",Webinar
Clara,Rodríguez,clara.rodríguez974@services.com,+58-883-4258-8071,Ecuador,"Manufacturing Co",Representative,LinkedIn
Fernando,Gutiérrez,fernando.gutiérrez14@group.com,+38-215-6935-5399,Colombia,"Marketing Team","Partnership Manager",Facebook
Valentina,Rojas,valentina.rojas330@group.com,+7-139-6721-8376,Venezuela,"Product Development","Client Relations",Webinar
David,Suárez,david.suárez611@gmail.com,+86-886-539-4842,Perú,"Marketing Agency","Support Specialist","Google Ads"
Carlos,Peña,carlos.peña475@services.com,+26-675-6279-7404,Guatemala,"Business Intelligence",Coordinator,"Google Ads"
Pedro,Ruiz,pedro.ruiz62@solutions.com,+76-317-2319-5562,España,"Human Resources",Researcher,"Google Ads"
Sergio,Méndez,sergio.méndez566@corporation.com,+98-466-1068-7011,España,"Board of Directors","Senior Developer","Email Marketing"
Pablo,Torres,pablo.torres498@solutions.com,+78-980-2576-5803,Venezuela,"Global Solutions",Coordinator,Facebook
Gabriela,Rubio,gabriela.rubio649@inc.com,+52-640-1779-9517,Guatemala,"Digital Services",Analyst,"Google Ads"
Martina,Castro,martina.castro45@consulting.com,+39-372-6067-9754,Ecuador,"Innovation Inc","HR Manager","Email Marketing"
Laura,Díaz,laura.díaz377@outlook.com,+75-278-9447-3742,México,"Innovation Inc",Strategist,"Email Marketing"
Carlos,Cruz,carlos.cruz337@empresa.com,+21-227-9915-6623,Colombia,"Product Development","Junior Developer","Email Marketing"
Francisco,Iglesias,francisco.iglesias826@inc.com,+30-302-8926-9006,Venezuela,"Supply Chain",CMO,"Google Ads"
Florencia,Ramírez,florencia.ramírez233@group.com,+81-523-8540-3406,México,"Supply Chain","Finance Manager",Evento
Luis,Morales,luis.morales342@group.com,+40-623-1630-3513,Chile,"Data Analytics",Administrator,Facebook
Alejandra,Ortiz,alejandra.ortiz253@consulting.com,+76-939-4771-3606,España,"Project Management",Assistant,Webinar
Diego,Blanco,diego.blanco734@digital.com,+75-877-6319-3768,Venezuela,"Operations Team",CMO,"Google Ads"
Valeria,Álvarez,valeria.Álvarez129@inc.com,+73-484-3271-8707,Colombia,"Research & Development",COO,Referido
Ana,Gómez,ana.gómez512@tech.com,+55-785-3385-7275,Perú,"Business Partners","Operations Manager","Google Ads"
Antonio,García,antonio.garcía973@solutions.com,+31-126-1009-6604,Argentina,"Manufacturing Co",Supervisor,LinkedIn
Jaime,Ramos,jaime.ramos916@tech.com,+41-817-3314-1205,Argentina,"Consulting Group",Strategist,Evento
Bianca,Díaz,bianca.díaz301@hotmail.com,+37-868-5892-5374,España,"Customer Support","Finance Manager",Evento
Renata,Caballero,renata.caballero665@digital.com,+83-250-8262-4440,Argentina,"Trading Company","Account Manager","Google Ads"
Juan,Romero,juan.romero231@hotmail.com,+82-576-8310-5326,Cuba,"Quality Assurance",CTO,"Email Marketing"
Ricardo,Peña,ricardo.peña739@tech.com,+79-574-6450-9749,Cuba,"Retail Solutions","Account Manager",SEO
Miguel,Moreno,miguel.moreno169@yahoo.com,+98-315-4347-5767,Chile,"E-commerce Solutions","Partnership Manager","Google Ads"
Manuel,Fernández,manuel.fernández698@business.net,+64-745-9152-1971,Argentina,"Digital Services",Researcher,SEO
Luis,Domínguez,luis.domínguez865@hotmail.com,+25-181-1627-8440,Cuba,"Management Office","Operations Manager",Webinar
Pedro,Torres,pedro.torres509@outlook.com,+25-486-1815-7601,España,"Business Partners","Data Analyst",Referido
Alberto,Castro,alberto.castro773@solutions.com,+63-266-7736-8480,Cuba,"Project Management","Product Manager",SEO
Sofía,Rojas,sofía.rojas978@yahoo.com,+26-222-3102-2052,Perú,"Manufacturing Co","Marketing Manager",Evento
Gabriela,Martín,gabriela.martín786@solutions.com,+44-112-6940-6805,España,"Management Office",Manager,"Google Ads"
César,Rodríguez,césar.rodríguez612@corporation.com,+82-108-8833-1511,Argentina,"Tech Corp","Junior Developer","Email Marketing"
Luis,Martín,luis.martín573@group.com,+76-500-5216-5441,Guatemala,"Human Resources",CTO,SEO
Raúl,Torres,raúl.torres790@group.com,+79-361-1622-4271,Perú,"Consulting Group","Support Specialist",Referido
Alberto,Sánchez,alberto.sánchez13@yahoo.com,+74-987-8769-3801,Chile,"Operations Team","Client Relations",Referido
David,Romero,david.romero157@tech.com,+95-301-8981-6488,Venezuela,"Web Services","Support Specialist",LinkedIn
